[
  {
    "Location": "Bandamaji",
    "Ward": "Kinyasini",
    "District": "Kaskazini A",
    "Region": "Unguja North",
    "Postcode": "73110"
  },
  {
    "Location": "Bwereu",
    "Ward": "Kidoti",
    "District": "Kaskazini A",
    "Region": "Unguja North",
    "Postcode": "73106"
  },
  {
    "Location": "Chaani Kubwa",
    "Ward": "Chaani",
    "District": "Kaskazini A",
    "Region": "Unguja North",
    "Postcode": "73109"
  },
  {
    "Location": "Chaani Masingini",
    "Ward": "Chaani",
    "District": "Kaskazini A",
    "Region": "Unguja North",
    "Postcode": "73109"
  },
  {
    "Location": "Chutama",
    "Ward": "Gamba",
    "District": "Kaskazini A",
    "Region": "Unguja North",
    "Postcode": "73101"
  },
  {
    "Location": "Donge Karange",
    "Ward": "Mbiji",
    "District": "Kaskazini B",
    "Region": "Unguja North",
    "Postcode": "73205"
  },
  {
    "Location": "Donge Kipange",
    "Ward": "Muanda",
    "District": "Kaskazini B",
    "Region": "Unguja North",
    "Postcode": "73206"
  },
  {
    "Location": "Donge Mbiji",
    "Ward": "Mbiji",
    "District": "Kaskazini B",
    "Region": "Unguja North",
    "Postcode": "73205"
  },
  {
    "Location": "Donge Mchangani",
    "Ward": "Muanda",
    "District": "Kaskazini B",
    "Region": "Unguja North",
    "Postcode": "73206"
  },
  {
    "Location": "Donge Mtambile",
    "Ward": "Mtambile",
    "District": "Kaskazini B",
    "Region": "Unguja North",
    "Postcode": "73204"
  },
  {
    "Location": "Donge Muanda",
    "Ward": "Muanda",
    "District": "Kaskazini B",
    "Region": "Unguja North",
    "Postcode": "73206"
  },
  {
    "Location": "Donge Vijibweni",
    "Ward": "Mtambile",
    "District": "Kaskazini B",
    "Region": "Unguja North",
    "Postcode": "73204"
  },
  {
    "Location": "Fujoni",
    "Ward": "Fujoni",
    "District": "Kaskazini B",
    "Region": "Unguja North",
    "Postcode": "73203"
  },
  {
    "Location": "Fukuchani",
    "Ward": "Kidoti",
    "District": "Kaskazini A",
    "Region": "Unguja North",
    "Postcode": "73106"
  },
  {
    "Location": "Gamba",
    "Ward": "Gamba",
    "District": "Kaskazini A",
    "Region": "Unguja North",
    "Postcode": "73101"
  },
  {
    "Location": "Kandwi",
    "Ward": "Pwani Mchangani",
    "District": "Kaskazini A",
    "Region": "Unguja North",
    "Postcode": "73111"
  },
  {
    "Location": "Kibeni",
    "Ward": "Muwange",
    "District": "Kaskazini A",
    "Region": "Unguja North",
    "Postcode": "73105"
  },
  {
    "Location": "Kidanzini",
    "Ward": "Mangapwani",
    "District": "Kaskazini B",
    "Region": "Unguja North",
    "Postcode": "73202"
  },
  {
    "Location": "Kidombo",
    "Ward": "Mkwajuni",
    "District": "Kaskazini A",
    "Region": "Unguja North",
    "Postcode": "73102"
  },
  {
    "Location": "Kidoti",
    "Ward": "Kidoti",
    "District": "Kaskazini A",
    "Region": "Unguja North",
    "Postcode": "73106"
  },
  {
    "Location": "Kigomani",
    "Ward": "Matemwe",
    "District": "Kaskazini A",
    "Region": "Unguja North",
    "Postcode": "73108"
  },
  {
    "Location": "Kigunda",
    "Ward": "Nungwi",
    "District": "Kaskazini A",
    "Region": "Unguja North",
    "Postcode": "73107"
  },
  {
    "Location": "Kijini",
    "Ward": "Matemwe",
    "District": "Kaskazini A",
    "Region": "Unguja North",
    "Postcode": "73108"
  },
  {
    "Location": "Kikobweni",
    "Ward": "Pwani Mchangani",
    "District": "Kaskazini A",
    "Region": "Unguja North",
    "Postcode": "73111"
  },
  {
    "Location": "Kilimani",
    "Ward": "Kidoti",
    "District": "Kaskazini A",
    "Region": "Unguja North",
    "Postcode": "73106"
  },
  {
    "Location": "Kilindi",
    "Ward": "Nungwi",
    "District": "Kaskazini A",
    "Region": "Unguja North",
    "Postcode": "73107"
  },
  {
    "Location": "Kilombero",
    "Ward": "Upenja",
    "District": "Kaskazini B",
    "Region": "Unguja North",
    "Postcode": "73209"
  },
  {
    "Location": "Kinduni",
    "Ward": "Mgambo",
    "District": "Kaskazini B",
    "Region": "Unguja North",
    "Postcode": "73208"
  },
  {
    "Location": "Kinyasini",
    "Ward": "Kinyasini",
    "District": "Kaskazini A",
    "Region": "Unguja North",
    "Postcode": "73110"
  },
  {
    "Location": "Kiombamvua",
    "Ward": "Fujoni",
    "District": "Kaskazini B",
    "Region": "Unguja North",
    "Postcode": "73203"
  },
  {
    "Location": "Kisongoni",
    "Ward": "Kinyasini",
    "District": "Kaskazini A",
    "Region": "Unguja North",
    "Postcode": "73110"
  },
  {
    "Location": "Kitope",
    "Ward": "Kitope",
    "District": "Kaskazini B",
    "Region": "Unguja North",
    "Postcode": "73207"
  },
  {
    "Location": "Kivunge",
    "Ward": "Kivunge",
    "District": "Kaskazini A",
    "Region": "Unguja North",
    "Postcode": "73103"
  },
  {
    "Location": "Kiwengwa",
    "Ward": "Upenja",
    "District": "Kaskazini B",
    "Region": "Unguja North",
    "Postcode": "73209"
  },
  {
    "Location": "Mafufuni",
    "Ward": "Makoba",
    "District": "Kaskazini B",
    "Region": "Unguja North",
    "Postcode": "73210"
  },
  {
    "Location": "Mahonda",
    "Ward": "Mahonda",
    "District": "Kaskazini B",
    "Region": "Unguja North",
    "Postcode": "73201"
  },
  {
    "Location": "Makoba",
    "Ward": "Makoba",
    "District": "Kaskazini B",
    "Region": "Unguja North",
    "Postcode": "73210"
  },
  {
    "Location": "Mangapwani",
    "Ward": "Mangapwani",
    "District": "Kaskazini B",
    "Region": "Unguja North",
    "Postcode": "73202"
  },
  {
    "Location": "Matemwe",
    "Ward": "Matemwe",
    "District": "Kaskazini A",
    "Region": "Unguja North",
    "Postcode": "73108"
  },
  {
    "Location": "Matetema",
    "Ward": "Fujoni",
    "District": "Kaskazini B",
    "Region": "Unguja North",
    "Postcode": "73203"
  },
  {
    "Location": "Mbaleni",
    "Ward": "Kitope",
    "District": "Kaskazini B",
    "Region": "Unguja North",
    "Postcode": "73207"
  },
  {
    "Location": "Mchezashauri",
    "Ward": "Chaani",
    "District": "Kaskazini A",
    "Region": "Unguja North",
    "Postcode": "73109"
  },
  {
    "Location": "Mgambo",
    "Ward": "Mgambo",
    "District": "Kaskazini B",
    "Region": "Unguja North",
    "Postcode": "73208"
  },
  {
    "Location": "Misufini",
    "Ward": "Mangapwani",
    "District": "Kaskazini B",
    "Region": "Unguja North",
    "Postcode": "73202"
  },
  {
    "Location": "Mkadini",
    "Ward": "Fujoni",
    "District": "Kaskazini B",
    "Region": "Unguja North",
    "Postcode": "73203"
  },
  {
    "Location": "Mkataleni",
    "Ward": "Mahonda",
    "District": "Kaskazini B",
    "Region": "Unguja North",
    "Postcode": "73201"
  },
  {
    "Location": "Mkokotoni",
    "Ward": "Mkokotoni",
    "District": "Kaskazini A",
    "Region": "Unguja North",
    "Postcode": "73104"
  },
  {
    "Location": "Mkwajuni",
    "Ward": "Mkwajuni",
    "District": "Kaskazini A",
    "Region": "Unguja North",
    "Postcode": "73102"
  },
  {
    "Location": "Mnyimbi",
    "Ward": "Mahonda",
    "District": "Kaskazini B",
    "Region": "Unguja North",
    "Postcode": "73201"
  },
  {
    "Location": "Moga",
    "Ward": "Gamba",
    "District": "Kaskazini A",
    "Region": "Unguja North",
    "Postcode": "73101"
  },
  {
    "Location": "Mto Wa Pwani",
    "Ward": "Mkokotoni",
    "District": "Kaskazini A",
    "Region": "Unguja North",
    "Postcode": "73104"
  },
  {
    "Location": "Muwange",
    "Ward": "Muwange",
    "District": "Kaskazini A",
    "Region": "Unguja North",
    "Postcode": "73105"
  },
  {
    "Location": "Njia Ya Mtoni",
    "Ward": "Mtambile",
    "District": "Kaskazini B",
    "Region": "Unguja North",
    "Postcode": "73204"
  },
  {
    "Location": "Nungwi",
    "Ward": "Nungwi",
    "District": "Kaskazini A",
    "Region": "Unguja North",
    "Postcode": "73107"
  },
  {
    "Location": "Pale",
    "Ward": "Mkokotoni",
    "District": "Kaskazini A",
    "Region": "Unguja North",
    "Postcode": "73104"
  },
  {
    "Location": "Pangeni",
    "Ward": "Upenja",
    "District": "Kaskazini B",
    "Region": "Unguja North",
    "Postcode": "73209"
  },
  {
    "Location": "Pitanazako",
    "Ward": "Mkokotoni",
    "District": "Kaskazini A",
    "Region": "Unguja North",
    "Postcode": "73104"
  },
  {
    "Location": "Potowa",
    "Ward": "Kivunge",
    "District": "Kaskazini A",
    "Region": "Unguja North",
    "Postcode": "73103"
  },
  {
    "Location": "Pwani Mchangani",
    "Ward": "Pwani Mchangani",
    "District": "Kaskazini A",
    "Region": "Unguja North",
    "Postcode": "73111"
  },
  {
    "Location": "Tazari",
    "Ward": "Nungwi",
    "District": "Kaskazini A",
    "Region": "Unguja North",
    "Postcode": "73107"
  },
  {
    "Location": "Upenja",
    "Ward": "Upenja",
    "District": "Kaskazini B",
    "Region": "Unguja North",
    "Postcode": "73209"
  },
  {
    "Location": "Zingwe Zingwe",
    "Ward": "Mangapwani",
    "District": "Kaskazini B",
    "Region": "Unguja North",
    "Postcode": "73202"
  }
]